{"data":{"allGoogleSheetSheet1":{"edges":[{"node":{"maker":"Quran Explorer","appname":"Quran Explorer","submittedby":"Fajar Siddiq","website":"www.quranexplorer.com"}},{"node":{"maker":"Mohamed El Mahallawy & Naveed Ahmad","appname":"Quran.com","submittedby":"Fajar Siddiq","website":"www.quran.com"}},{"node":{"maker":"Sunnah.com","appname":"Sunnah.com","submittedby":"Fajar Siddiq","website":"www.sunnah.com"}},{"node":{"maker":"Salah.com","appname":"Salah.com","submittedby":"Fajar Siddiq","website":"www.salah.com"}},{"node":{"maker":"Quranic Audio","appname":"Quranic Audio","submittedby":"Fajar Siddiq","website":"http://quranicaudio.com/"}},{"node":{"maker":"Kais Dukes","appname":"The Quranic Arabic Corpus","submittedby":"Fajar Siddiq","website":"http://corpus.quran.com/"}},{"node":{"maker":"STC (Corp.)","appname":"Rateel (Shazam for Quranic Reciters)","submittedby":"Saud","website":"https://www.stc.com.sa/wps/wcm/connect/english/individual/static/html/rateel"}},{"node":{"maker":"Dian Agus Triadi","appname":"Quranesia: Beautiful Quran app for mac","submittedby":"Saud","website":"http://didats.net/2018/01/06/quranesia-beautiful-quran-for-mac/"}},{"node":{"maker":"Dian Agus Triadi","appname":"Prayer Log","submittedby":"Saud","website":"http://rimbunesia.com/prayer-log"}},{"node":{"maker":"Dian Agus Triadi","appname":"Havees - Easy Memorize Quran by Audio","submittedby":"Saud","website":"https://itunes.apple.com/us/app/havees-easy-memorize-quran/id1084595179"}},{"node":{"maker":"Dian Agus Triadi","appname":"Elyoum - Ramadan Calendar on Mac menubar","submittedby":"Saud","website":"https://itunes.apple.com/id/app/elyoum-islamic-calendar/id1141855682"}},{"node":{"maker":"Google","appname":"Qibla Finder","submittedby":"Mohd Danish","website":"https://qiblafinder.withgoogle.com/intl/en/desktop"}},{"node":{"maker":"Quran Reading","appname":"Qibla Connect","submittedby":"Mohd Danish","website":"https://play.google.com/store/apps/details?id=com.quranreading.qibladirection&hl=en_IN"}},{"node":{"maker":"Abdur-Rahman El-Sayed","appname":"Khatmah App (Khatmah reminder)","submittedby":"Saud","website":"https://itunes.apple.com/us/app/khatmah-%D8%AE%D8%AA%D9%85%D8%A9/id543090051?mt=8"}},{"node":{"maker":"https://islamqa.info/en/about-us","appname":"Islam Question & Answer","submittedby":"Fajar Siddiq","website":"https://islamqa.info"}},{"node":{"maker":"Fajar Siddiq","appname":"Ilm Productions","submittedby":"Fajar Siddiq","website":"www.ilmproduction.com"}},{"node":{"maker":"Imanimation Studios","appname":"Ramadan (educational game)","submittedby":"Saud","website":"https://aliandsumaya.com/product/ramadan-app/"}},{"node":{"maker":"Bitsmedia Pte Ltd","appname":"Muslim Pro","submittedby":"Fajar Siddiq","website":"https://itunes.apple.com/gb/app/muslim-pro-ramadan-2015-prayer/id388389451?mt=8"}},{"node":{"maker":"Azzure Labs","appname":"Qibla Compass","submittedby":"Fajar Siddiq","website":"https://itunes.apple.com/in/app/qibla-compass/id560444328?mt=8"}},{"node":{"maker":"https://www.ramadanlegacy.com/","appname":"Ramadan Legacy","submittedby":"Fajar Siddiq","website":"https://play.google.com/store/apps/details?id=com.ramadan.legacy&hl=en_IN"}},{"node":{"maker":"http://www.haramain.info/","appname":"Haramain","submittedby":"Fajar Siddiq","website":"http://www.haramain.info/"}},{"node":{"maker":"http://haramain.com/app/","appname":"Haramain Recordings","submittedby":"Fajar Siddiq","website":"http://haramain.com/app/"}},{"node":{"maker":"Muhammad Aazam","appname":"Ramadan Challenge","submittedby":"Saud","website":"http://www.ramadanchallengeapp.com/"}},{"node":{"maker":"Nur Ramadhan Jumali","appname":"Solat Checklist","submittedby":"Saud","website":"https://twitter.com/solatchecklist"}},{"node":{"maker":"Shafkathullah Ihsan - https://shafu.xyz/","appname":"Hijri for chrome","submittedby":"Fajar Siddiq","website":"https://chrome.google.com/webstore/detail/hijri-for-chrome/mfpccgpbmpdchnodfnacjgjgdkdldohe"}},{"node":{"maker":"Tamim Arafat","appname":"Waqt (Namaz timings PWA)","submittedby":"Saif Al Falah","website":"https://waqt-web.netlify.com/"}},{"node":{"maker":"Smart Azan Clock","appname":"Smart Azan Clock (PWA)","submittedby":"Saif Al Falah","website":"https://smartazanclock.com/"}},{"node":{"maker":"Julaybib","appname":"Kalamullah","submittedby":"Fajar Siddiq","website":"http://kalamullah.com/"}},{"node":{"maker":"Dhikrullah","appname":"Dhikrullah","submittedby":"Fajar Siddiq","website":"http://www.dhikrullah.com/"}},{"node":{"maker":"Sabbir","appname":"Streaming Quran with English","submittedby":"Fajar Siddiq","website":"http://sabbir.com/"}},{"node":{"maker":"Batul Apps","appname":"Guidance App","submittedby":"Osamah","website":"https://guidanceapp.com/"}},{"node":{"maker":"Wahed","appname":"Wahed Investments","submittedby":"Fajar Siddiq","website":"https://www.wahedinvest.com/"}},{"node":{"maker":"Adam Jamal & Hani Khan","appname":"Quranic","submittedby":"Fajar Siddiq","website":"https://getquranic.com/"}}]}},"pageContext":{"isCreatedByStatefulCreatePages":true}}