{"data":{"allGoogleSheetSheet1Row":{"nodes":[{"maker":"Quran Explorer","appname":"Quran Explorer","submittedby":"Fajar Siddiq","website":"www.quranexplorer.com"},{"maker":"Mohamed El Mahallawy & Naveed Ahmad","appname":"Quran.com","submittedby":"Fajar Siddiq","website":"www.quran.com"},{"maker":"Sunnah.com","appname":"Sunnah.com","submittedby":"Fajar Siddiq","website":"www.sunnah.com"},{"maker":"Salah.com","appname":"Salah.com","submittedby":"Fajar Siddiq","website":"www.salah.com"},{"maker":"Quranic Audio","appname":"Quranic Audio","submittedby":"Fajar Siddiq","website":"http://quranicaudio.com/"},{"maker":"Kais Dukes","appname":"The Quranic Arabic Corpus","submittedby":"Fajar Siddiq","website":"http://corpus.quran.com/"},{"maker":"STC (Corp.)","appname":"Rateel (Shazam for Quranic Reciters)","submittedby":"Saud","website":"https://www.stc.com.sa/wps/wcm/connect/english/individual/static/html/rateel"},{"maker":"Dian Agus Triadi","appname":"Quranesia: Beautiful Quran app for mac","submittedby":"Saud","website":"http://didats.net/2018/01/06/quranesia-beautiful-quran-for-mac/"},{"maker":"Dian Agus Triadi","appname":"Prayer Log","submittedby":"Saud","website":"http://rimbunesia.com/prayer-log"},{"maker":"Dian Agus Triadi","appname":"Havees - Easy Memorize Quran by Audio","submittedby":"Saud","website":"https://itunes.apple.com/us/app/havees-easy-memorize-quran/id1084595179"},{"maker":"Dian Agus Triadi","appname":"Elyoum - Ramadan Calendar on Mac menubar","submittedby":"Saud","website":"https://itunes.apple.com/id/app/elyoum-islamic-calendar/id1141855682"},{"maker":"Google","appname":"Qibla Finder","submittedby":"Mohd Danish","website":"https://qiblafinder.withgoogle.com/intl/en/desktop"},{"maker":"Quran Reading","appname":"Qibla Connect","submittedby":"Mohd Danish","website":"https://play.google.com/store/apps/details?id=com.quranreading.qibladirection&hl=en_IN"},{"maker":"Abdur-Rahman El-Sayed","appname":"Khatmah App (Khatmah reminder)","submittedby":"Saud","website":"https://itunes.apple.com/us/app/khatmah-%D8%AE%D8%AA%D9%85%D8%A9/id543090051?mt=8"},{"maker":"https://islamqa.info/en/about-us","appname":"Islam Question & Answer","submittedby":"Fajar Siddiq","website":"https://islamqa.info"},{"maker":"Fajar Siddiq","appname":"Ilm Productions","submittedby":"Fajar Siddiq","website":"www.ilmproduction.com"},{"maker":"Imanimation Studios","appname":"Ramadan (educational game)","submittedby":"Saud","website":"https://aliandsumaya.com/product/ramadan-app/"},{"maker":"Bitsmedia Pte Ltd","appname":"Muslim Pro","submittedby":"Fajar Siddiq","website":"https://itunes.apple.com/gb/app/muslim-pro-ramadan-2015-prayer/id388389451?mt=8"},{"maker":"Azzure Labs","appname":"Qibla Compass","submittedby":"Fajar Siddiq","website":"https://itunes.apple.com/in/app/qibla-compass/id560444328?mt=8"},{"maker":"https://www.ramadanlegacy.com/","appname":"Ramadan Legacy","submittedby":"Fajar Siddiq","website":"https://play.google.com/store/apps/details?id=com.ramadan.legacy&hl=en_IN"},{"maker":"http://www.haramain.info/","appname":"Haramain","submittedby":"Fajar Siddiq","website":"http://www.haramain.info/"},{"maker":"http://haramain.com/app/","appname":"Haramain Recordings","submittedby":"Fajar Siddiq","website":"http://haramain.com/app/"},{"maker":"Muhammad Aazam","appname":"Ramadan Challenge","submittedby":"Saud","website":"http://www.ramadanchallengeapp.com/"},{"maker":"Nur Ramadhan Jumali","appname":"Solat Checklist","submittedby":"Saud","website":"https://twitter.com/solatchecklist"},{"maker":"Shafkathullah Ihsan - https://shafu.xyz/","appname":"Hijri for chrome","submittedby":"Fajar Siddiq","website":"https://chrome.google.com/webstore/detail/hijri-for-chrome/mfpccgpbmpdchnodfnacjgjgdkdldohe"},{"maker":"Tamim Arafat","appname":"Waqt (Namaz timings PWA)","submittedby":"Saif Al Falah","website":"https://waqt-web.netlify.com/"},{"maker":"Smart Azan Clock","appname":"Smart Azan Clock (PWA)","submittedby":"Saif Al Falah","website":"https://smartazanclock.com/"},{"maker":"Julaybib","appname":"Kalamullah","submittedby":"Fajar Siddiq","website":"http://kalamullah.com/"},{"maker":"Dhikrullah","appname":"Dhikrullah","submittedby":"Fajar Siddiq","website":"http://www.dhikrullah.com/"},{"maker":"Sabbir","appname":"Streaming Quran with English","submittedby":"Fajar Siddiq","website":"http://sabbir.com/"},{"maker":"Batul Apps","appname":"Guidance App","submittedby":"Osamah","website":"https://guidanceapp.com/"},{"maker":"Wahed","appname":"Wahed Investments","submittedby":"Fajar Siddiq","website":"https://www.wahedinvest.com/"},{"maker":"Adam Jamal & Hani Khan","appname":"Quranic","submittedby":"Fajar Siddiq","website":"https://getquranic.com/"}]}},"pageContext":{"isCreatedByStatefulCreatePages":true}}